Requêtes les plus fréquentes,Clics,Impressions,CTR,Position
carbo carcassonne,89,240,37.08%,1.04
restaurant italien carcassonne,16,530,3.02%,3.67
carbo restaurant,12,46,26.09%,2.8
restaurant carbo carcassonne,12,26,46.15%,1
restaurant rue trivalle carcassonne,8,136,5.88%,1.49
le carbo carcassonne,7,15,46.67%,1
carbo,6,464,1.29%,5.53
restaurant carbo,6,24,25%,2.21
carbo restaurant carcassonne,6,19,31.58%,1
restaurant carcassonne rue trivalle,2,27,7.41%,1.41
restaurant carcassonne,2,10,20%,1.5
restaurants near me,2,2,100%,2
resto italien carcassonne,1,47,2.13%,3.3
italien carcassonne,1,47,2.13%,3.45
italian restaurant carcassonne,1,44,2.27%,3.91
restaurant carcassonne italien,1,43,2.33%,2.51
restaurants rue trivalle carcassonne,1,41,2.44%,4.12
rue trivalle carcassonne restaurant,1,37,2.7%,3.03
avis sur restaurant-carbo,1,25,4%,3.88
nouveau restaurant italien carcassonne,1,14,7.14%,1.71
carbo menu,1,10,10%,3
restaurant italien autour de moi,1,5,20%,3.6
restaurant italien aude,1,5,20%,4.2
carbonara restaurant,1,1,100%,1
italian near me,1,1,100%,1
menu carbon,1,1,100%,1
restaurant italien carcassonne pont rouge,0,33,0%,4
restaurant rue trivalle,0,30,0%,1.47
restaurant italien,0,23,0%,4.74
carho carcassonne,0,17,0%,8.35
le carbo,0,12,0%,3.33
carbone,0,11,0%,6.91
italian restaurant near me,0,10,0%,5.7
italian restaurants near me,0,9,0%,2.11
carbo photos,0,9,0%,3.11
pizzeria carcassonne,0,8,0%,4.75
focaccia,0,7,0%,13.57
carbò,0,6,0%,1.17
carbonara near me,0,6,0%,4.67
best italian restaurants near me,0,6,0%,6.17
cargo carcassonne,0,5,0%,8.4
carcassonne italiano,0,5,0%,11
nouveau restaurant carcassonne,0,5,0%,12.2
pasta restaurant near me,0,3,0%,1.33
pizzeria carcassonne ouverte,0,3,0%,2.33
carbo carbo,0,3,0%,3
italian food near me,0,3,0%,4.67
italian food near me open now,0,3,0%,5
carbona food,0,3,0%,8.33
car bo,0,3,0%,32
cacio e pepe near me,0,2,0%,1
carbo.,0,2,0%,1
carbos,0,2,0%,1
logo carbo,0,2,0%,1
pasta near me,0,2,0%,1
bravo,0,2,0%,2.5
restaurant le charbon,0,2,0%,4
capo,0,2,0%,4.5
italian restaurant nearest me,0,2,0%,5
restaurant de pates,0,2,0%,6
pasta,0,2,0%,7
cannoli near me,0,2,0%,7.5
carbó,0,2,0%,8.5
cannoli,0,2,0%,10
gnocchi,0,2,0%,10
resto carca,0,2,0%,11.5
cuisine italienne,0,2,0%,13
arancini near me,0,1,0%,1
menu restaurant italien,0,1,0%,1
pizzeria,0,1,0%,1
restaurant carcassonne place carnot,0,1,0%,1
restaurantes carcassonne,0,1,0%,1
ristoranti italiani vicino a me,0,1,0%,1
rue trivalle carcassonne,0,1,0%,1
carbo +,0,1,0%,2
carbo pasta bar,0,1,0%,2
carcassonne restaurants,0,1,0%,2
food near me,0,1,0%,2
restaurant cite médiévale carcassonne,0,1,0%,2
restaurant rue barbacane carcassonne,0,1,0%,2
restaurants autour de moi,0,1,0%,2
restaurants carcassonne,0,1,0%,2
best lunch nearby,0,1,0%,3
meilleure pizzeria carcassonne,0,1,0%,3
restaurant les mieux notés,0,1,0%,3
italian,0,1,0%,4
restaurant italiens,0,1,0%,4
ristorante carcassonne,0,1,0%,4
spaghetti bolognese near me,0,1,0%,4
top rated italian,0,1,0%,4
beau restaurant,0,1,0%,5
italian near me open now,0,1,0%,5
itallian near me,0,1,0%,5
ravioli near me,0,1,0%,5
restaurant italie,0,1,0%,5
ristorante italiano,0,1,0%,5
italian restaurant,0,1,0%,6
restaurant italo,0,1,0%,6
italien restaurant,0,1,0%,7
itlian,0,1,0%,7
la burrata,0,1,0%,7
le coco bongo carcassonne,0,1,0%,7
best sobrebarriga near me,0,1,0%,8
restaurante italiano cerca de mi ubicación,0,1,0%,8
le carbos,0,1,0%,9
macaroni,0,1,0%,9
pâtes,0,1,0%,9
restaurant italien pates,0,1,0%,9
italian retaurant near me,0,1,0%,10
la bourata,0,1,0%,11
carbo italienne,0,1,0%,12
carnon restaurant,0,1,0%,12
gazpacho near me,0,1,0%,12
saltimbocca near me,0,1,0%,12
best ensalada caprese con palta near me,0,1,0%,14
carbo.com,0,1,0%,14
ceviche,0,1,0%,14
sapori carcassonne,0,1,0%,33
pizzeria carbon blanc,0,1,0%,42
bloc g carcassonne,0,1,0%,45
restaurant etoile carcassonne,0,1,0%,52